{"mean":{"confidence_interval":{"confidence_level":0.95,"lower_bound":-0.008327177853264601,"upper_bound":0.0034265716799470815},"point_estimate":-0.0028346520568612865,"standard_error":0.003002130159709592},"median":{"confidence_interval":{"confidence_level":0.95,"lower_bound":-0.012716360045034625,"upper_bound":0.0013141407821430917},"point_estimate":-0.007939283580063683,"standard_error":0.0035249651505163}}