{"mean":{"confidence_interval":{"confidence_level":0.95,"lower_bound":-0.01419755584071284,"upper_bound":-0.0028865921474337565},"point_estimate":-0.008380271511121862,"standard_error":0.0028874935369916396},"median":{"confidence_interval":{"confidence_level":0.95,"lower_bound":-0.007621654878548267,"upper_bound":-0.0007311714542009851},"point_estimate":-0.004041134033440308,"standard_error":0.001877657589764589}}